year,county_name,state_id,pop
2020,autauga,AL,55200
2020,baldwin,AL,208107
2020,barbour,AL,25782
2020,bibb,AL,22527
2020,blount,AL,57645
2020,bullock,AL,10352
2020,butler,AL,20025
2020,calhoun,AL,115098
2020,chambers,AL,33826
2020,cherokee,AL,25853
2020,chilton,AL,43930
2020,choctaw,AL,13075
2020,clarke,AL,24387
2020,clay,AL,13378
2020,cleburne,AL,14938
2020,coffee,AL,51288
2020,colbert,AL,54495
2020,conecuh,AL,12514
2020,coosa,AL,10855
2020,covington,AL,37351
2020,crenshaw,AL,13865
2020,cullman,AL,82313
2020,dale,AL,49255
2020,dallas,AL,40029
2020,dekalb,AL,71200
2020,elmore,AL,81212
2020,escambia,AL,37328
2020,etowah,AL,102939
2020,fayette,AL,16585
2020,franklin,AL,31542
2020,geneva,AL,26491
2020,greene,AL,8426
2020,hale,AL,14887
2020,henry,AL,17124
2020,houston,AL,104352
2020,jackson,AL,52094
2020,jefferson,AL,659892
2020,lamar,AL,13933
2020,lauderdale,AL,92585
2020,lawrence,AL,33171
2020,lee,AL,159287
2020,limestone,AL,93052
2020,lowndes,AL,10236
2020,macon,AL,19054
2020,madison,AL,357560
2020,marengo,AL,19538
2020,marion,AL,29965
2020,marshall,AL,95145
2020,mobile,AL,414659
2020,monroe,AL,21512
2020,montgomery,AL,226941
2020,morgan,AL,119122
2020,perry,AL,9486
2020,pickens,AL,20298
2020,pike,AL,33403
2020,randolph,AL,22574
2020,russell,AL,58213
2020,st. clair,AL,87306
2020,shelby,AL,211261
2020,sumter,AL,12985
2020,talladega,AL,80565
2020,tallapoosa,AL,40636
2020,tuscaloosa,AL,206213
2020,walker,AL,64493
2020,washington,AL,16643
2020,wilcox,AL,10809
2020,winston,AL,23875
2020,aleutians east borough,AK,3425
2020,aleutians west census area,AK,5750
2020,anchorage municipality,AK,296112
2020,bethel census area,AK,18040
2020,bristol bay borough,AK,890
2020,denali borough,AK,2232
2020,dillingham census area,AK,4975
2020,fairbanks north star borough,AK,99653
2020,haines borough,AK,2518
2020,hoonah-angoon census area,AK,2132
2020,juneau city and borough,AK,32330
2020,kenai peninsula borough,AK,58220
2020,ketchikan gateway borough,AK,13804
2020,kodiak island borough,AK,13649
2020,kusilvak census area,AK,8198
2020,lake and peninsula borough,AK,1375
2020,matanuska-susitna borough,AK,103464
2020,nome census area,AK,9925
2020,north slope borough,AK,9797
2020,northwest arctic borough,AK,7734
2020,petersburg borough,AK,3255
2020,prince of wales-hyder census area,AK,6474
2020,sitka city and borough,AK,8738
2020,skagway municipality,AK,1061
2020,southeast fairbanks census area,AK,6876
2020,valdez-cordova census area,AK,9301
2020,wrangell city and borough,AK,2484
2020,yakutat city and borough,AK,689
2020,yukon-koyukuk census area,AK,5415
2020,apache,AZ,71522
2020,cochise,AZ,126279
2020,coconino,AZ,140217
2020,gila,AZ,53400
2020,graham,AZ,37879
2020,greenlee,AZ,9504
2020,la paz,AZ,20701
2020,maricopa,AZ,4253913
2020,mohave,AZ,206064
2020,navajo,AZ,108705
2020,pima,AZ,1019722
2020,pinal,AZ,419721
2020,santa cruz,AZ,46584
2020,yavapai,AZ,224645
2020,yuma,AZ,207829
2020,arkansas,AR,18124
2020,ashley,AR,20537
2020,baxter,AR,41219
2020,benton,AR,258980
2020,boone,AR,37288
2020,bradley,AR,10948
2020,calhoun,AR,5202
2020,carroll,AR,27887
2020,chicot,AR,10826
2020,clark,AR,22385
2020,clay,AR,15061
2020,cleburne,AR,25230
2020,cleveland,AR,8226
2020,columbia,AR,23892
2020,conway,AR,20906
2020,craighead,AR,105701
2020,crawford,AR,62472
2020,crittenden,AR,49013
2020,cross,AR,16998
2020,dallas,AR,7432
2020,desha,AR,11887
2020,drew,AR,18502
2020,faulkner,AR,122416
2020,franklin,AR,17780
2020,fulton,AR,12139
2020,garland,AR,98296
2020,grant,AR,18086
2020,greene,AR,44623
2020,hempstead,AR,22018
2020,hot spring,AR,33520
2020,howard,AR,13389
2020,independence,AR,37264
2020,izard,AR,13559
2020,jackson,AR,17225
2020,jefferson,AR,70424
2020,johnson,AR,26291
2020,lafayette,AR,6915
2020,lawrence,AR,16669
2020,lee,AR,9398
2020,lincoln,AR,13695
2020,little river,AR,12417
2020,logan,AR,21757
2020,lonoke,AR,72206
2020,madison,AR,16076
2020,marion,AR,16438
2020,miller,AR,43759
2020,mississippi,AR,42831
2020,monroe,AR,7249
2020,montgomery,AR,8993
2020,nevada,AR,8440
2020,newton,AR,7848
2020,ouachita,AR,24106
2020,perry,AR,10322
2020,phillips,AR,19034
2020,pike,AR,10808
2020,poinsett,AR,24054
2020,polk,AR,20163
2020,pope,AR,63644
2020,prairie,AR,8244
2020,pulaski,AR,393463
2020,randolph,AR,17603
2020,st. francis,AR,26294
2020,saline,AR,118009
2020,scott,AR,10442
2020,searcy,AR,7923
2020,sebastian,AR,127461
2020,sevier,AR,17193
2020,sharp,AR,17043
2020,stone,AR,12446
2020,union,AR,39732
2020,van buren,AR,16684
2020,washington,AR,228529
2020,white,AR,78804
2020,woodruff,AR,6660
2020,yell,AR,21573
2020,alameda,CA,1643700
2020,alpine,CA,1146
2020,amador,CA,37829
2020,butte,CA,227075
2020,calaveras,CA,45235
2020,colusa,CA,21464
2020,contra costa,CA,1133247
2020,del norte,CA,27424
2020,el dorado,CA,186661
2020,fresno,CA,978130
2020,glenn,CA,27897
2020,humboldt,CA,135768
2020,imperial,CA,180216
2020,inyo,CA,18085
2020,kern,CA,883053
2020,kings,CA,150075
2020,lake,CA,64148
2020,lassen,CA,31185
2020,los angeles,CA,10098052
2020,madera,CA,155013
2020,marin,CA,260295
2020,mariposa,CA,17540
2020,mendocino,CA,87422
2020,merced,CA,269075
2020,modoc,CA,8938
2020,mono,CA,14174
2020,monterey,CA,433212
2020,napa,CA,140530
2020,nevada,CA,99092
2020,orange,CA,3164182
2020,placer,CA,380077
2020,plumas,CA,18699
2020,riverside,CA,2383286
2020,sacramento,CA,1510023
2020,san benito,CA,59416
2020,san bernardino,CA,2135413
2020,san diego,CA,3302833
2020,san francisco,CA,870044
2020,san joaquin,CA,732212
2020,san luis obispo,CA,281455
2020,san mateo,CA,765935
2020,santa barbara,CA,443738
2020,santa clara,CA,1922200
2020,santa cruz,CA,273765
2020,shasta,CA,179085
2020,sierra,CA,2930
2020,siskiyou,CA,43540
2020,solano,CA,438530
2020,sonoma,CA,501317
2020,stanislaus,CA,539301
2020,sutter,CA,95872
2020,tehama,CA,63373
2020,trinity,CA,12862
2020,tulare,CA,460477
2020,tuolumne,CA,53932
2020,ventura,CA,848112
2020,yolo,CA,214977
2020,yuba,CA,75493
2020,adams,CO,497115
2020,alamosa,CO,16444
2020,arapahoe,CO,636671
2020,archuleta,CO,12908
2020,baca,CO,3563
2020,bent,CO,5809
2020,boulder,CO,321030
2020,broomfield,CO,66120
2020,chaffee,CO,19164
2020,cheyenne,CO,2039
2020,clear creek,CO,9379
2020,conejos,CO,8142
2020,costilla,CO,3687
2020,crowley,CO,5630
2020,custer,CO,4640
2020,delta,CO,30346
2020,denver,CO,693417
2020,dolores,CO,1841
2020,douglas,CO,328614
2020,eagle,CO,54357
2020,elbert,CO,25162
2020,el paso,CO,688153
2020,fremont,CO,47002
2020,garfield,CO,58538
2020,gilpin,CO,5924
2020,grand,CO,15066
2020,gunnison,CO,16537
2020,hinsdale,CO,878
2020,huerfano,CO,6583
2020,jackson,CO,1296
2020,jefferson,CO,570427
2020,kiowa,CO,1449
2020,kit carson,CO,7635
2020,lake,CO,7585
2020,la plata,CO,55101
2020,larimer,CO,338161
2020,las animas,CO,14179
2020,lincoln,CO,5548
2020,logan,CO,21689
2020,mesa,CO,149998
2020,mineral,CO,823
2020,moffat,CO,13060
2020,montezuma,CO,25909
2020,montrose,CO,41268
2020,morgan,CO,28257
2020,otero,CO,18325
2020,ouray,CO,4722
2020,park,CO,17392
2020,phillips,CO,4318
2020,pitkin,CO,17909
2020,prowers,CO,12052
2020,pueblo,CO,164685
2020,rio blanco,CO,6465
2020,rio grande,CO,11351
2020,routt,CO,24874
2020,saguache,CO,6468
2020,san juan,CO,544
2020,san miguel,CO,7968
2020,sedgwick,CO,2350
2020,summit,CO,30429
2020,teller,CO,24113
2020,washington,CO,4840
2020,weld,CO,295123
2020,yuma,CO,10069
2020,fairfield,CT,944348
2020,hartford,CT,894730
2020,litchfield,CT,183031
2020,middlesex,CT,163368
2020,new haven,CT,859339
2020,new london,CT,268881
2020,tolland,CT,151269
2020,windham,CT,116538
2020,kent,DE,174822
2020,new castle,DE,555133
2020,sussex,DE,219540
2020,district of columbia,DC,684498
2020,alachua,FL,263148
2020,baker,FL,27785
2020,bay,FL,182482
2020,bradford,FL,26979
2020,brevard,FL,576808
2020,broward,FL,1909151
2020,calhoun,FL,14444
2020,charlotte,FL,176954
2020,citrus,FL,143087
2020,clay,FL,207291
2020,collier,FL,363922
2020,columbia,FL,69105
2020,desoto,FL,36399
2020,dixie,FL,16437
2020,duval,FL,924229
2020,escambia,FL,311522
2020,flagler,FL,107139
2020,franklin,FL,11736
2020,gadsden,FL,46017
2020,gilchrist,FL,17615
2020,glades,FL,13363
2020,gulf,FL,16055
2020,hamilton,FL,14269
2020,hardee,FL,27228
2020,hendry,FL,40127
2020,hernando,FL,182696
2020,highlands,FL,102101
2020,hillsborough,FL,1378883
2020,holmes,FL,19430
2020,indian river,FL,150984
2020,jackson,FL,48472
2020,jefferson,FL,14105
2020,lafayette,FL,8744
2020,lake,FL,335362
2020,lee,FL,718679
2020,leon,FL,288102
2020,levy,FL,39961
2020,liberty,FL,8365
2020,madison,FL,18474
2020,manatee,FL,373853
2020,marion,FL,348371
2020,martin,FL,157581
2020,miami-dade,FL,2715516
2020,monroe,FL,76325
2020,nassau,FL,80578
2020,okaloosa,FL,200737
2020,okeechobee,FL,40572
2020,orange,FL,1321194
2020,osceola,FL,338619
2020,palm beach,FL,1446277
2020,pasco,FL,510593
2020,pinellas,FL,957875
2020,polk,FL,668671
2020,putnam,FL,72766
2020,st. johns,FL,235503
2020,st. lucie,FL,305591
2020,santa rosa,FL,170442
2020,sarasota,FL,412144
2020,seminole,FL,455086
2020,sumter,FL,120999
2020,suwannee,FL,43924
2020,taylor,FL,22098
2020,union,FL,15239
2020,volusia,FL,527634
2020,wakulla,FL,31877
2020,walton,FL,65858
2020,washington,FL,24566
2020,appling,GA,18454
2020,atkinson,GA,8265
2020,bacon,GA,11228
2020,baker,GA,3189
2020,baldwin,GA,45286
2020,banks,GA,18510
2020,barrow,GA,76887
2020,bartow,GA,103620
2020,ben hill,GA,17154
2020,berrien,GA,19025
2020,bibb,GA,153490
2020,bleckley,GA,12775
2020,brantley,GA,18561
2020,brooks,GA,15622
2020,bryan,GA,35885
2020,bulloch,GA,74782
2020,burke,GA,22550
2020,butts,GA,23750
2020,calhoun,GA,6428
2020,camden,GA,52714
2020,candler,GA,10827
2020,carroll,GA,116022
2020,catoosa,GA,66299
2020,charlton,GA,12983
2020,chatham,GA,287049
2020,chattahoochee,GA,10767
2020,chattooga,GA,24817
2020,cherokee,GA,241910
2020,clarke,GA,124602
2020,clay,GA,3001
2020,clayton,GA,278666
2020,clinch,GA,6743
2020,cobb,GA,745057
2020,coffee,GA,42961
2020,colquitt,GA,45606
2020,columbia,GA,147295
2020,cook,GA,17184
2020,coweta,GA,140516
2020,crawford,GA,12344
2020,crisp,GA,22846
2020,dade,GA,16227
2020,dawson,GA,23861
2020,decatur,GA,26833
2020,dekalb,GA,743187
2020,dodge,GA,20919
2020,dooly,GA,13905
2020,dougherty,GA,91049
2020,douglas,GA,141840
2020,early,GA,10348
2020,echols,GA,3994
2020,effingham,GA,58689
2020,elbert,GA,19212
2020,emanuel,GA,22499
2020,evans,GA,10727
2020,fannin,GA,24925
2020,fayette,GA,111369
2020,floyd,GA,96824
2020,forsyth,GA,219880
2020,franklin,GA,22514
2020,fulton,GA,1021902
2020,gilmer,GA,29922
2020,glascock,GA,3009
2020,glynn,GA,83974
2020,gordon,GA,56790
2020,grady,GA,24926
2020,greene,GA,16976
2020,gwinnett,GA,902298
2020,habersham,GA,44289
2020,hall,GA,195961
2020,hancock,GA,8535
2020,haralson,GA,28956
2020,harris,GA,33590
2020,hart,GA,25631
2020,heard,GA,11677
2020,henry,GA,221307
2020,houston,GA,151682
2020,irwin,GA,9268
2020,jackson,GA,65755
2020,jasper,GA,13784
2020,jeff davis,GA,14991
2020,jefferson,GA,15772
2020,jenkins,GA,8827
2020,johnson,GA,9730
2020,jones,GA,28548
2020,lamar,GA,18513
2020,lanier,GA,10366
2020,laurens,GA,47418
2020,lee,GA,29348
2020,liberty,GA,62108
2020,lincoln,GA,7799
2020,long,GA,18156
2020,lowndes,GA,114582
2020,lumpkin,GA,31951
2020,mcduffie,GA,21498
2020,mcintosh,GA,14120
2020,macon,GA,13480
2020,madison,GA,28900
2020,marion,GA,8484
2020,meriwether,GA,21113
2020,miller,GA,5836
2020,mitchell,GA,22432
2020,monroe,GA,27010
2020,montgomery,GA,9036
2020,morgan,GA,18235
2020,murray,GA,39557
2020,muscogee,GA,196670
2020,newton,GA,106497
2020,oconee,GA,37017
2020,oglethorpe,GA,14784
2020,paulding,GA,155840
2020,peach,GA,26966
2020,pickens,GA,30832
2020,pierce,GA,19164
2020,pike,GA,18082
2020,polk,GA,41621
2020,pulaski,GA,11295
2020,putnam,GA,21503
2020,quitman,GA,2276
2020,rabun,GA,16457
2020,randolph,GA,7087
2020,richmond,GA,201463
2020,rockdale,GA,89011
2020,schley,GA,5211
2020,screven,GA,13990
2020,seminole,GA,8437
2020,spalding,GA,64719
2020,stephens,GA,25676
2020,stewart,GA,6042
2020,sumter,GA,30352
2020,talbot,GA,6378
2020,taliaferro,GA,1665
2020,tattnall,GA,25353
2020,taylor,GA,8193
2020,telfair,GA,16115
2020,terrell,GA,8859
2020,thomas,GA,44730
2020,tift,GA,40510
2020,toombs,GA,27048
2020,towns,GA,11417
2020,treutlen,GA,6777
2020,troup,GA,69774
2020,turner,GA,7962
2020,twiggs,GA,8284
2020,union,GA,22775
2020,upson,GA,26216
2020,walker,GA,68824
2020,walton,GA,90132
2020,ware,GA,35599
2020,warren,GA,5346
2020,washington,GA,20461
2020,wayne,GA,29767
2020,webster,GA,2613
2020,wheeler,GA,7939
2020,white,GA,28928
2020,whitfield,GA,103849
2020,wilcox,GA,8846
2020,wilkes,GA,9884
2020,wilkinson,GA,9078
2020,worth,GA,20656
2020,hawaii,HI,197658
2020,honolulu,HI,987638
2020,kalawao,HI,75
2020,kauai,HI,71377
2020,maui,HI,165281
2020,ada,ID,446052
2020,adams,ID,4019
2020,bannock,ID,85065
2020,bear lake,ID,5962
2020,benewah,ID,9086
2020,bingham,ID,45551
2020,blaine,ID,21994
2020,boise,ID,7163
2020,bonner,ID,42711
2020,bonneville,ID,112397
2020,boundary,ID,11549
2020,butte,ID,2602
2020,camas,ID,886
2020,canyon,ID,212230
2020,caribou,ID,6918
2020,cassia,ID,23615
2020,clark,ID,1077
2020,clearwater,ID,8640
2020,custer,ID,4141
2020,elmore,ID,26433
2020,franklin,ID,13279
2020,fremont (includes yellowstone park),ID,12965
2020,gem,ID,17052
2020,gooding,ID,15169
2020,idaho,ID,16337
2020,jefferson,ID,27969
2020,jerome,ID,23431
2020,kootenai,ID,153605
2020,latah,ID,39239
2020,lemhi,ID,7798
2020,lewis,ID,3845
2020,lincoln,ID,5321
2020,madison,ID,38705
2020,minidoka,ID,20615
2020,nez perce,ID,40155
2020,oneida,ID,4326
2020,owyhee,ID,11455
2020,payette,ID,23041
2020,power,ID,7713
2020,shoshone,ID,12526
2020,teton,ID,11080
2020,twin falls,ID,83666
2020,valley,ID,10401
2020,washington,ID,10025
2020,adams,IL,66427
2020,alexander,IL,6532
2020,bond,IL,16712
2020,boone,IL,53606
2020,brown,IL,6675
2020,bureau,IL,33381
2020,calhoun,IL,4858
2020,carroll,IL,14562
2020,cass,IL,12665
2020,champaign,IL,209448
2020,christian,IL,33231
2020,clark,IL,15836
2020,clay,IL,13338
2020,clinton,IL,37628
2020,coles,IL,51736
2020,cook,IL,5223719
2020,crawford,IL,19088
2020,cumberland,IL,10865
2020,dekalb,IL,104200
2020,de witt,IL,16042
2020,douglas,IL,19714
2020,dupage,IL,931743
2020,edgar,IL,17539
2020,edwards,IL,6507
2020,effingham,IL,34174
2020,fayette,IL,21724
2020,ford,IL,13398
2020,franklin,IL,39127
2020,fulton,IL,35418
2020,gallatin,IL,5157
2020,greene,IL,13218
2020,grundy,IL,50509
2020,hamilton,IL,8221
2020,hancock,IL,18112
2020,hardin,IL,4009
2020,henderson,IL,6884
2020,henry,IL,49464
2020,iroquois,IL,28169
2020,jackson,IL,58551
2020,jasper,IL,9598
2020,jefferson,IL,38169
2020,jersey,IL,22069
2020,jo daviess,IL,21834
2020,johnson,IL,12602
2020,kane,IL,530839
2020,kankakee,IL,111061
2020,kendall,IL,124626
2020,knox,IL,50999
2020,lake,IL,703619
2020,lasalle,IL,110401
2020,lawrence,IL,16189
2020,lee,IL,34527
2020,livingston,IL,36324
2020,logan,IL,29207
2020,mcdonough,IL,30875
2020,mchenry,IL,307789
2020,mclean,IL,173219
2020,macon,IL,106512
2020,macoupin,IL,45719
2020,madison,IL,265670
2020,marion,IL,38084
2020,marshall,IL,11794
2020,mason,IL,13778
2020,massac,IL,14430
2020,menard,IL,12367
2020,mercer,IL,15693
2020,monroe,IL,33936
2020,montgomery,IL,29009
2020,morgan,IL,34426
2020,moultrie,IL,14703
2020,ogle,IL,51328
2020,peoria,IL,184463
2020,perry,IL,21384
2020,piatt,IL,16427
2020,pike,IL,15754
2020,pope,IL,4249
2020,pulaski,IL,5611
2020,putnam,IL,5746
2020,randolph,IL,32546
2020,richland,IL,15881
2020,rock island,IL,145275
2020,st. clair,IL,263463
2020,saline,IL,24231
2020,sangamon,IL,197661
2020,schuyler,IL,7064
2020,scott,IL,5047
2020,shelby,IL,21832
2020,stark,IL,5500
2020,stephenson,IL,45433
2020,tazewell,IL,133852
2020,union,IL,17127
2020,vermilion,IL,78407
2020,wabash,IL,11573
2020,warren,IL,17338
2020,washington,IL,14155
2020,wayne,IL,16487
2020,white,IL,14025
2020,whiteside,IL,56396
2020,will,IL,688697
2020,williamson,IL,67299
2020,winnebago,IL,286174
2020,woodford,IL,38817
2020,adams,IN,35195
2020,allen,IN,370016
2020,bartholomew,IN,81893
2020,benton,IN,8667
2020,blackford,IN,12129
2020,boone,IN,64321
2020,brown,IN,15034
2020,carroll,IN,19994
2020,cass,IN,38084
2020,clark,IN,115702
2020,clay,IN,26268
2020,clinton,IN,32301
2020,crawford,IN,10581
2020,daviess,IN,32937
2020,dearborn,IN,49501
2020,decatur,IN,26552
2020,dekalb,IN,42704
2020,delaware,IN,115616
2020,dubois,IN,42418
2020,elkhart,IN,203604
2020,fayette,IN,23259
2020,floyd,IN,76809
2020,fountain,IN,16486
2020,franklin,IN,22842
2020,fulton,IN,20212
2020,gibson,IN,33596
2020,grant,IN,66944
2020,greene,IN,32295
2020,hamilton,IN,316095
2020,hancock,IN,73830
2020,harrison,IN,39712
2020,hendricks,IN,160940
2020,henry,IN,48483
2020,howard,IN,82387
2020,huntington,IN,36378
2020,jackson,IN,43938
2020,jasper,IN,33449
2020,jay,IN,20993
2020,jefferson,IN,32237
2020,jennings,IN,27727
2020,johnson,IN,151564
2020,knox,IN,37409
2020,kosciusko,IN,78806
2020,lagrange,IN,38942
2020,lake,IN,486849
2020,laporte,IN,110552
2020,lawrence,IN,45619
2020,madison,IN,129505
2020,marion,IN,944523
2020,marshall,IN,46595
2020,martin,IN,10210
2020,miami,IN,35901
2020,monroe,IN,145403
2020,montgomery,IN,38276
2020,morgan,IN,69727
2020,newton,IN,14018
2020,noble,IN,47451
2020,ohio,IN,5887
2020,orange,IN,19547
2020,owen,IN,20878
2020,parke,IN,16996
2020,perry,IN,19141
2020,pike,IN,12411
2020,porter,IN,168041
2020,posey,IN,25589
2020,pulaski,IN,12660
2020,putnam,IN,37559
2020,randolph,IN,25076
2020,ripley,IN,28425
2020,rush,IN,16704
2020,st. joseph,IN,269240
2020,scott,IN,23743
2020,shelby,IN,44399
2020,spencer,IN,20526
2020,starke,IN,22941
2020,steuben,IN,34474
2020,sullivan,IN,20792
2020,switzerland,IN,10628
2020,tippecanoe,IN,189294
2020,tipton,IN,15218
2020,union,IN,7153
2020,vanderburgh,IN,181313
2020,vermillion,IN,15560
2020,vigo,IN,107693
2020,wabash,IN,31631
2020,warren,IN,8247
2020,warrick,IN,61928
2020,washington,IN,27827
2020,wayne,IN,66613
2020,wells,IN,27947
2020,white,IN,24217
2020,whitley,IN,33649
2020,adair,IA,7124
2020,adams,IA,3726
2020,allamakee,IA,13880
2020,appanoose,IA,12510
2020,audubon,IA,5637
2020,benton,IA,25626
2020,black hawk,IA,133009
2020,boone,IA,26399
2020,bremer,IA,24782
2020,buchanan,IA,21125
2020,buena vista,IA,20260
2020,butler,IA,14735
2020,calhoun,IA,9780
2020,carroll,IA,20344
2020,cass,IA,13191
2020,cedar,IA,18445
2020,cerro gordo,IA,42984
2020,cherokee,IA,11468
2020,chickasaw,IA,12099
2020,clarke,IA,9282
2020,clay,IA,16313
2020,clayton,IA,17672
2020,clinton,IA,47218
2020,crawford,IA,17132
2020,dallas,IA,84002
2020,davis,IA,8885
2020,decatur,IA,8044
2020,delaware,IA,17258
2020,des moines,IA,39600
2020,dickinson,IA,17056
2020,dubuque,IA,96802
2020,emmet,IA,9551
2020,fayette,IA,19929
2020,floyd,IA,15858
2020,franklin,IA,10245
2020,fremont,IA,6968
2020,greene,IA,9003
2020,grundy,IA,12341
2020,guthrie,IA,10674
2020,hamilton,IA,15110
2020,hancock,IA,10888
2020,hardin,IA,17127
2020,harrison,IA,14143
2020,henry,IA,19926
2020,howard,IA,9264
2020,humboldt,IA,9566
2020,ida,IA,6916
2020,iowa,IA,16207
2020,jackson,IA,19395
2020,jasper,IA,36891
2020,jefferson,IA,18077
2020,johnson,IA,147001
2020,jones,IA,20568
2020,keokuk,IA,10200
2020,kossuth,IA,15075
2020,lee,IA,34541
2020,linn,IA,222121
2020,louisa,IA,11223
2020,lucas,IA,8597
2020,lyon,IA,11769
2020,madison,IA,15890
2020,mahaska,IA,22208
2020,marion,IA,33207
2020,marshall,IA,40271
2020,mills,IA,14957
2020,mitchell,IA,10631
2020,monona,IA,8796
2020,monroe,IA,7863
2020,montgomery,IA,10155
2020,muscatine,IA,42950
2020,o'brien,IA,13911
2020,osceola,IA,6115
2020,page,IA,15363
2020,palo alto,IA,9055
2020,plymouth,IA,25039
2020,pocahontas,IA,6898
2020,polk,IA,474274
2020,pottawattamie,IA,93503
2020,poweshiek,IA,18605
2020,ringgold,IA,4984
2020,sac,IA,9868
2020,scott,IA,172288
2020,shelby,IA,11694
2020,sioux,IA,34825
2020,story,IA,96922
2020,tama,IA,17136
2020,taylor,IA,6201
2020,union,IA,12453
2020,van buren,IA,7223
2020,wapello,IA,35315
2020,warren,IA,49361
2020,washington,IA,22143
2020,wayne,IA,6413
2020,webster,IA,36757
2020,winnebago,IA,10571
2020,winneshiek,IA,20401
2020,woodbury,IA,102398
2020,worth,IA,7489
2020,wright,IA,12804
2020,allen,KS,12630
2020,anderson,KS,7852
2020,atchison,KS,16363
2020,barber,KS,4733
2020,barton,KS,26791
2020,bourbon,KS,14702
2020,brown,KS,9664
2020,butler,KS,66468
2020,chase,KS,2645
2020,chautauqua,KS,3367
2020,cherokee,KS,20331
2020,cheyenne,KS,2677
2020,clark,KS,2053
2020,clay,KS,8142
2020,cloud,KS,9060
2020,coffey,KS,8296
2020,comanche,KS,1780
2020,cowley,KS,35591
2020,crawford,KS,39108
2020,decatur,KS,2881
2020,dickinson,KS,19004
2020,doniphan,KS,7736
2020,douglas,KS,119319
2020,edwards,KS,2925
2020,elk,KS,2562
2020,ellis,KS,28878
2020,ellsworth,KS,6293
2020,finney,KS,36957
2020,ford,KS,34484
2020,franklin,KS,25563
2020,geary,KS,34895
2020,gove,KS,2619
2020,graham,KS,2545
2020,grant,KS,7616
2020,gray,KS,6037
2020,greeley,KS,1200
2020,greenwood,KS,6156
2020,hamilton,KS,2616
2020,harper,KS,5673
2020,harvey,KS,34555
2020,haskell,KS,4047
2020,hodgeman,KS,1842
2020,jackson,KS,13318
2020,jefferson,KS,18888
2020,jewell,KS,2916
2020,johnson,KS,585502
2020,kearny,KS,3932
2020,kingman,KS,7470
2020,kiowa,KS,2526
2020,labette,KS,20367
2020,lane,KS,1642
2020,leavenworth,KS,80042
2020,lincoln,KS,3097
2020,linn,KS,9635
2020,logan,KS,2810
2020,lyon,KS,33299
2020,mcpherson,KS,28630
2020,marion,KS,12032
2020,marshall,KS,9798
2020,meade,KS,4261
2020,miami,KS,33127
2020,mitchell,KS,6222
2020,montgomery,KS,32970
2020,morris,KS,5566
2020,morton,KS,2838
2020,nemaha,KS,10104
2020,neosho,KS,16125
2020,ness,KS,2955
2020,norton,KS,5486
2020,osage,KS,15882
2020,osborne,KS,3603
2020,ottawa,KS,5902
2020,pawnee,KS,6709
2020,phillips,KS,5408
2020,pottawatomie,KS,23545
2020,pratt,KS,9582
2020,rawlins,KS,2509
2020,reno,KS,63101
2020,republic,KS,4686
2020,rice,KS,9762
2020,riley,KS,75296
2020,rooks,KS,5118
2020,rush,KS,3102
2020,russell,KS,6977
2020,saline,KS,54977
2020,scott,KS,4949
2020,sedgwick,KS,512064
2020,seward,KS,22692
2020,shawnee,KS,178284
2020,sheridan,KS,2506
2020,sherman,KS,5966
2020,smith,KS,3663
2020,stafford,KS,4214
2020,stanton,KS,2063
2020,stevens,KS,5686
2020,sumner,KS,23208
2020,thomas,KS,7824
2020,trego,KS,2858
2020,wabaunsee,KS,6888
2020,wallace,KS,1575
2020,washington,KS,5525
2020,wichita,KS,2143
2020,wilson,KS,8780
2020,woodson,KS,3170
2020,wyandotte,KS,164345
2020,adair,KY,19241
2020,allen,KY,20794
2020,anderson,KY,22214
2020,ballard,KY,8090
2020,barren,KY,43680
2020,bath,KY,12268
2020,bell,KY,27188
2020,boone,KY,129095
2020,bourbon,KY,20144
2020,boyd,KY,48091
2020,boyle,KY,29913
2020,bracken,KY,8306
2020,breathitt,KY,13116
2020,breckinridge,KY,20080
2020,bullitt,KY,79466
2020,butler,KY,12745
2020,caldwell,KY,12727
2020,calloway,KY,38776
2020,campbell,KY,92267
2020,carlisle,KY,4841
2020,carroll,KY,10711
2020,carter,KY,27290
2020,casey,KY,15796
2020,christian,KY,72263
2020,clark,KY,35872
2020,clay,KY,20621
2020,clinton,KY,10211
2020,crittenden,KY,9083
2020,cumberland,KY,6713
2020,daviess,KY,99937
2020,edmonson,KY,12122
2020,elliott,KY,7517
2020,estill,KY,14313
2020,fayette,KY,318734
2020,fleming,KY,14479
2020,floyd,KY,36926
2020,franklin,KY,50296
2020,fulton,KY,6210
2020,gallatin,KY,8703
2020,garrard,KY,17328
2020,grant,KY,24915
2020,graves,KY,37294
2020,grayson,KY,26178
2020,green,KY,11023
2020,greenup,KY,35765
2020,hancock,KY,8719
2020,hardin,KY,108095
2020,harlan,KY,27134
2020,harrison,KY,18668
2020,hart,KY,18627
2020,henderson,KY,46137
2020,henry,KY,15814
2020,hickman,KY,4568
2020,hopkins,KY,45664
2020,jackson,KY,13373
2020,jefferson,KY,767154
2020,jessamine,KY,52422
2020,johnson,KY,22843
2020,kenton,KY,164688
2020,knott,KY,15513
2020,knox,KY,31467
2020,larue,KY,14156
2020,laurel,KY,60180
2020,lawrence,KY,15783
2020,lee,KY,6751
2020,leslie,KY,10472
2020,letcher,KY,22676
2020,lewis,KY,13490
2020,lincoln,KY,24458
2020,livingston,KY,9263
2020,logan,KY,26849
2020,lyon,KY,8186
2020,mccracken,KY,65284
2020,mccreary,KY,17635
2020,mclean,KY,9331
2020,madison,KY,89700
2020,magoffin,KY,12666
2020,marion,KY,19232
2020,marshall,KY,31166
2020,martin,KY,11919
2020,mason,KY,17153
2020,meade,KY,28326
2020,menifee,KY,6405
2020,mercer,KY,21516
2020,metcalfe,KY,10004
2020,monroe,KY,10634
2020,montgomery,KY,27759
2020,morgan,KY,13285
2020,muhlenberg,KY,31081
2020,nelson,KY,45388
2020,nicholas,KY,7100
2020,ohio,KY,24071
2020,oldham,KY,65374
2020,owen,KY,10741
2020,owsley,KY,4463
2020,pendleton,KY,14520
2020,perry,KY,26917
2020,pike,KY,60483
2020,powell,KY,12321
2020,pulaski,KY,64145
2020,robertson,KY,2143
2020,rockcastle,KY,16827
2020,rowan,KY,24499
2020,russell,KY,17760
2020,scott,KY,53517
2020,shelby,KY,46786
2020,simpson,KY,18063
2020,spencer,KY,18246
2020,taylor,KY,25500
2020,todd,KY,12350
2020,trigg,KY,14344
2020,trimble,KY,8637
2020,union,KY,14802
2020,warren,KY,126427
2020,washington,KY,12019
2020,wayne,KY,20609
2020,webster,KY,13155
2020,whitley,KY,36089
2020,wolfe,KY,7223
2020,woodford,KY,26097
2020,acadia,LA,62568
2020,allen,LA,25661
2020,ascension,LA,121176
2020,assumption,LA,22714
2020,avoyelles,LA,40882
2020,beauregard,LA,36769
2020,bienville,LA,13668
2020,bossier,LA,126131
2020,caddo,LA,248361
2020,calcasieu,LA,200182
2020,caldwell,LA,9996
2020,cameron,LA,6868
2020,catahoula,LA,9893
2020,claiborne,LA,16153
2020,concordia,LA,20021
2020,de soto,LA,27216
2020,east baton rouge,LA,444094
2020,east carroll,LA,7225
2020,east feliciana,LA,19499
2020,evangeline,LA,33636
2020,franklin,LA,20322
2020,grant,LA,22348
2020,iberia,LA,72691
2020,iberville,LA,32956
2020,jackson,LA,15926
2020,jefferson,LA,435300
2020,jefferson davis,LA,31467
2020,lafayette,LA,240091
2020,lafourche,LA,98214
2020,lasalle,LA,14949
2020,lincoln,LA,47356
2020,livingston,LA,138111
2020,madison,LA,11472
2020,morehouse,LA,25992
2020,natchitoches,LA,38963
2020,orleans,LA,389648
2020,ouachita,LA,156075
2020,plaquemines,LA,23373
2020,pointe coupee,LA,22158
2020,rapides,LA,131546
2020,red river,LA,8618
2020,richland,LA,20474
2020,sabine,LA,24088
2020,st. bernard,LA,45694
2020,st. charles,LA,52724
2020,st. helena,LA,10411
2020,st. james,LA,21357
2020,st. john the baptist,LA,43446
2020,st. landry,LA,83449
2020,st. martin,LA,53752
2020,st. mary,LA,51734
2020,st. tammany,LA,252093
2020,tangipahoa,LA,130504
2020,tensas,LA,4666
2020,terrebonne,LA,112587
2020,union,LA,22475
2020,vermilion,LA,59867
2020,vernon,LA,51007
2020,washington,LA,46457
2020,webster,LA,39631
2020,west baton rouge,LA,25860
2020,west carroll,LA,11180
2020,west feliciana,LA,15377
2020,winn,LA,14494
2020,androscoggin,ME,107444
2020,aroostook,ME,68269
2020,cumberland,ME,290944
2020,franklin,ME,30019
2020,hancock,ME,54541
2020,kennebec,ME,121545
2020,knox,ME,39823
2020,lincoln,ME,34067
2020,oxford,ME,57325
2020,penobscot,ME,151748
2020,piscataquis,ME,16887
2020,sagadahoc,ME,35277
2020,somerset,ME,50710
2020,waldo,ME,39418
2020,washington,ME,31694
2020,york,ME,203102
2020,allegany,MD,71977
2020,anne arundel,MD,567696
2020,baltimore,MD,827625
2020,calvert,MD,91082
2020,caroline,MD,32875
2020,carroll,MD,167522
2020,cecil,MD,102517
2020,charles,MD,157671
2020,dorchester,MD,32261
2020,frederick,MD,248472
2020,garrett,MD,29376
2020,harford,MD,251025
2020,howard,MD,315327
2020,kent,MD,19593
2020,montgomery,MD,1040133
2020,prince george's,MD,906202
2020,queen anne's,MD,49355
2020,st. mary's,MD,111531
2020,somerset,MD,25737
2020,talbot,MD,37211
2020,washington,MD,149811
2020,wicomico,MD,102172
2020,worcester,MD,51564
2020,baltimore (independent city),MD,614700
2020,barnstable,MA,213690
2020,berkshire,MA,127328
2020,bristol,MA,558905
2020,dukes,MA,17313
2020,essex,MA,781024
2020,franklin,MA,70935
2020,hampden,MA,469116
2020,hampshire,MA,161159
2020,middlesex,MA,1595192
2020,nantucket,MA,11101
2020,norfolk,MA,698249
2020,plymouth,MA,512135
2020,suffolk,MA,791766
2020,worcester,MA,822280
2020,alcona,MI,10364
2020,alger,MI,9194
2020,allegan,MI,115250
2020,alpena,MI,28612
2020,antrim,MI,23177
2020,arenac,MI,15165
2020,baraga,MI,8507
2020,barry,MI,60057
2020,bay,MI,104786
2020,benzie,MI,17552
2020,berrien,MI,154807
2020,branch,MI,43584
2020,calhoun,MI,134473
2020,cass,MI,51460
2020,charlevoix,MI,26219
2020,cheboygan,MI,25458
2020,chippewa,MI,37834
2020,clare,MI,30616
2020,clinton,MI,77896
2020,crawford,MI,13836
2020,delta,MI,36190
2020,dickinson,MI,25570
2020,eaton,MI,109155
2020,emmet,MI,33039
2020,genesee,MI,409361
2020,gladwin,MI,25289
2020,gogebic,MI,15414
2020,grand traverse,MI,91746
2020,gratiot,MI,41067
2020,hillsdale,MI,45830
2020,houghton,MI,36360
2020,huron,MI,31543
2020,ingham,MI,289564
2020,ionia,MI,64176
2020,iosco,MI,25247
2020,iron,MI,11212
2020,isabella,MI,70775
2020,jackson,MI,158913
2020,kalamazoo,MI,261573
2020,kalkaska,MI,17463
2020,kent,MI,643140
2020,keweenaw,MI,2130
2020,lake,MI,11763
2020,lapeer,MI,88202
2020,leelanau,MI,21639
2020,lenawee,MI,98474
2020,livingston,MI,188482
2020,luce,MI,6364
2020,mackinac,MI,10817
2020,macomb,MI,868704
2020,manistee,MI,24444
2020,marquette,MI,66939
2020,mason,MI,28884
2020,mecosta,MI,43264
2020,menominee,MI,23234
2020,midland,MI,83389
2020,missaukee,MI,15006
2020,monroe,MI,149699
2020,montcalm,MI,63209
2020,montmorency,MI,9261
2020,muskegon,MI,173043
2020,newaygo,MI,48142
2020,oakland,MI,1250843
2020,oceana,MI,26417
2020,ogemaw,MI,20928
2020,ontonagon,MI,5968
2020,osceola,MI,23232
2020,oscoda,MI,8277
2020,otsego,MI,24397
2020,ottawa,MI,284034
2020,presque isle,MI,12797
2020,roscommon,MI,23877
2020,saginaw,MI,192778
2020,st. clair,MI,159566
2020,st. joseph,MI,60897
2020,sanilac,MI,41376
2020,schoolcraft,MI,8069
2020,shiawassee,MI,68493
2020,tuscola,MI,53250
2020,van buren,MI,75272
2020,washtenaw,MI,365961
2020,wayne,MI,1761382
2020,wexford,MI,33111
2020,aitkin,MN,15834
2020,anoka,MN,347431
2020,becker,MN,33773
2020,beltrami,MN,46117
2020,benton,MN,39779
2020,big stone,MN,5016
2020,blue earth,MN,66322
2020,brown,MN,25211
2020,carlton,MN,35540
2020,carver,MN,100416
2020,cass,MN,29022
2020,chippewa,MN,12010
2020,chisago,MN,54727
2020,clay,MN,62801
2020,clearwater,MN,8812
2020,cook,MN,5311
2020,cottonwood,MN,11372
2020,crow wing,MN,63855
2020,dakota,MN,418201
2020,dodge,MN,20582
2020,douglas,MN,37203
2020,faribault,MN,13896
2020,fillmore,MN,20888
2020,freeborn,MN,30526
2020,goodhue,MN,46217
2020,grant,MN,5938
2020,hennepin,MN,1235478
2020,houston,MN,18663
2020,hubbard,MN,20862
2020,isanti,MN,38974
2020,itasca,MN,45203
2020,jackson,MN,10047
2020,kanabec,MN,16004
2020,kandiyohi,MN,42658
2020,kittson,MN,4337
2020,koochiching,MN,12644
2020,lac qui parle,MN,6773
2020,lake,MN,10569
2020,lake of the woods,MN,3809
2020,le sueur,MN,27983
2020,lincoln,MN,5707
2020,lyon,MN,25839
2020,mcleod,MN,35825
2020,mahnomen,MN,5506
2020,marshall,MN,9392
2020,martin,MN,19964
2020,meeker,MN,23079
2020,mille lacs,MN,25728
2020,morrison,MN,32949
2020,mower,MN,39602
2020,murray,MN,8353
2020,nicollet,MN,33783
2020,nobles,MN,21839
2020,norman,MN,6559
2020,olmsted,MN,153065
2020,otter tail,MN,57992
2020,pennington,MN,14184
2020,pine,MN,29129
2020,pipestone,MN,9185
2020,polk,MN,31591
2020,pope,MN,10980
2020,ramsey,MN,541493
2020,red lake,MN,4008
2020,redwood,MN,15331
2020,renville,MN,14721
2020,rice,MN,65765
2020,rock,MN,9413
2020,roseau,MN,15462
2020,st. louis,MN,200080
2020,scott,MN,143372
2020,sherburne,MN,93231
2020,sibley,MN,14912
2020,stearns,MN,156819
2020,steele,MN,36676
2020,stevens,MN,9784
2020,swift,MN,9411
2020,todd,MN,24440
2020,traverse,MN,3337
2020,wabasha,MN,21500
2020,wadena,MN,13646
2020,waseca,MN,18809
2020,washington,MN,253317
2020,watonwan,MN,10973
2020,wilkin,MN,6343
2020,winona,MN,50847
2020,wright,MN,132745
2020,yellow medicine,MN,9868
2020,adams,MS,31547
2020,alcorn,MS,37180
2020,amite,MS,12468
2020,attala,MS,18581
2020,benton,MS,8253
2020,bolivar,MS,32592
2020,calhoun,MS,14571
2020,carroll,MS,10129
2020,chickasaw,MS,17279
2020,choctaw,MS,8321
2020,claiborne,MS,9120
2020,clarke,MS,15928
2020,clay,MS,19808
2020,coahoma,MS,23802
2020,copiah,MS,28721
2020,covington,MS,19091
2020,desoto,MS,176132
2020,forrest,MS,75517
2020,franklin,MS,7757
2020,george,MS,23710
2020,greene,MS,13714
2020,grenada,MS,21278
2020,hancock,MS,46653
2020,harrison,MS,202626
2020,hinds,MS,241774
2020,holmes,MS,18075
2020,humphreys,MS,8539
2020,issaquena,MS,1328
2020,itawamba,MS,23480
2020,jackson,MS,142014
2020,jasper,MS,16529
2020,jefferson,MS,7346
2020,jefferson davis,MS,11495
2020,jones,MS,68454
2020,kemper,MS,10107
2020,lafayette,MS,53459
2020,lamar,MS,61223
2020,lauderdale,MS,77323
2020,lawrence,MS,12630
2020,leake,MS,22870
2020,lee,MS,84915
2020,leflore,MS,29804
2020,lincoln,MS,34432
2020,lowndes,MS,59437
2020,madison,MS,103498
2020,marion,MS,25202
2020,marshall,MS,35787
2020,monroe,MS,35840
2020,montgomery,MS,10198
2020,neshoba,MS,29376
2020,newton,MS,21524
2020,noxubee,MS,10828
2020,oktibbeha,MS,49481
2020,panola,MS,34243
2020,pearl river,MS,55149
2020,perry,MS,12028
2020,pike,MS,39737
2020,pontotoc,MS,31315
2020,prentiss,MS,25360
2020,quitman,MS,7372
2020,rankin,MS,151240
2020,scott,MS,28415
2020,sharkey,MS,4511
2020,simpson,MS,27073
2020,smith,MS,16063
2020,stone,MS,18375
2020,sunflower,MS,26532
2020,tallahatchie,MS,14361
2020,tate,MS,28493
2020,tippah,MS,21990
2020,tishomingo,MS,19478
2020,tunica,MS,10170
2020,union,MS,28356
2020,walthall,MS,14601
2020,warren,MS,47075
2020,washington,MS,47086
2020,wayne,MS,20422
2020,webster,MS,9828
2020,wilkinson,MS,8990
2020,winston,MS,18358
2020,yalobusha,MS,12421
2020,yazoo,MS,27974
2020,adair,MO,25325
2020,andrew,MO,17403
2020,atchison,MO,5270
2020,audrain,MO,25735
2020,barry,MO,35493
2020,barton,MO,11850
2020,bates,MO,16374
2020,benton,MO,18989
2020,bollinger,MO,12281
2020,boone,MO,176515
2020,buchanan,MO,89076
2020,butler,MO,42733
2020,caldwell,MO,9049
2020,callaway,MO,44840
2020,camden,MO,45096
2020,cape girardeau,MO,78324
2020,carroll,MO,8843
2020,carter,MO,6197
2020,cass,MO,102678
2020,cedar,MO,13938
2020,chariton,MO,7546
2020,christian,MO,84275
2020,clark,MO,6800
2020,clay,MO,239164
2020,clinton,MO,20475
2020,cole,MO,76740
2020,cooper,MO,17622
2020,crawford,MO,24280
2020,dade,MO,7590
2020,dallas,MO,16499
2020,daviess,MO,8302
2020,dekalb,MO,12564
2020,dent,MO,15504
2020,douglas,MO,13374
2020,dunklin,MO,30428
2020,franklin,MO,102781
2020,gasconade,MO,14746
2020,gentry,MO,6665
2020,greene,MO,288429
2020,grundy,MO,10039
2020,harrison,MO,8554
2020,henry,MO,21765
2020,hickory,MO,9368
2020,holt,MO,4456
2020,howard,MO,10113
2020,howell,MO,40102
2020,iron,MO,10221
2020,jackson,MO,692003
2020,jasper,MO,119238
2020,jefferson,MO,223302
2020,johnson,MO,53689
2020,knox,MO,3951
2020,laclede,MO,35507
2020,lafayette,MO,32589
2020,lawrence,MO,38133
2020,lewis,MO,10027
2020,lincoln,MO,55563
2020,linn,MO,12186
2020,livingston,MO,15076
2020,mcdonald,MO,22827
2020,macon,MO,15254
2020,madison,MO,12205
2020,maries,MO,8884
2020,marion,MO,28672
2020,mercer,MO,3664
2020,miller,MO,25049
2020,mississippi,MO,13748
2020,moniteau,MO,15958
2020,monroe,MO,8654
2020,montgomery,MO,11545
2020,morgan,MO,20137
2020,new madrid,MO,17811
2020,newton,MO,58202
2020,nodaway,MO,22547
2020,oregon,MO,10699
2020,osage,MO,13619
2020,ozark,MO,9236
2020,pemiscot,MO,17031
2020,perry,MO,19146
2020,pettis,MO,42371
2020,phelps,MO,44789
2020,pike,MO,18489
2020,platte,MO,98824
2020,polk,MO,31549
2020,pulaski,MO,52591
2020,putnam,MO,4815
2020,ralls,MO,10217
2020,randolph,MO,24945
2020,ray,MO,22825
2020,reynolds,MO,6315
2020,ripley,MO,13693
2020,st. charles,MO,389985
2020,st. clair,MO,9383
2020,ste. genevieve,MO,17871
2020,st. francois,MO,66342
2020,st. louis,MO,998684
2020,saline,MO,23102
2020,schuyler,MO,4502
2020,scotland,MO,4898
2020,scott,MO,38729
2020,shannon,MO,8246
2020,shelby,MO,6061
2020,stoddard,MO,29512
2020,stone,MO,31527
2020,sullivan,MO,6317
2020,taney,MO,54720
2020,texas,MO,25671
2020,vernon,MO,20691
2020,warren,MO,33908
2020,washington,MO,24931
2020,wayne,MO,13308
2020,webster,MO,38082
2020,worth,MO,2040
2020,wright,MO,18293
2020,st. louis (independent city),MO,311273
2020,beaverhead,MT,9393
2020,big horn,MT,13376
2020,blaine,MT,6727
2020,broadwater,MT,5834
2020,carbon,MT,10546
2020,carter,MT,1318
2020,cascade,MT,81746
2020,chouteau,MT,5789
2020,custer,MT,11845
2020,daniels,MT,1753
2020,dawson,MT,9191
2020,deer lodge,MT,9100
2020,fallon,MT,2838
2020,fergus,MT,11273
2020,flathead,MT,98082
2020,gallatin,MT,104729
2020,garfield,MT,1141
2020,glacier,MT,13699
2020,golden valley,MT,724
2020,granite,MT,3269
2020,hill,MT,16439
2020,jefferson,MT,11778
2020,judith basin,MT,1951
2020,lake,MT,29774
2020,lewis and clark,MT,67077
2020,liberty,MT,2280
2020,lincoln,MT,19358
2020,mccone,MT,1630
2020,madison,MT,8218
2020,meagher,MT,1968
2020,mineral,MT,4211
2020,missoula,MT,115983
2020,musselshell,MT,4807
2020,park,MT,16246
2020,petroleum,MT,432
2020,phillips,MT,4124
2020,pondera,MT,6044
2020,powder river,MT,1619
2020,powell,MT,6861
2020,prairie,MT,1342
2020,ravalli,MT,41902
2020,richland,MT,11360
2020,roosevelt,MT,11228
2020,rosebud,MT,9250
2020,sanders,MT,11521
2020,sheridan,MT,3574
2020,silver bow,MT,34814
2020,stillwater,MT,9410
2020,sweet grass,MT,3653
2020,teton,MT,6080
2020,toole,MT,4976
2020,treasure,MT,777
2020,valley,MT,7532
2020,wheatland,MT,2149
2020,wibaux,MT,1175
2020,yellowstone,MT,157816
2020,adams,NE,31583
2020,antelope,NE,6372
2020,arthur,NE,418
2020,banner,NE,696
2020,blaine,NE,480
2020,boone,NE,5313
2020,box butte,NE,11089
2020,boyd,NE,2042
2020,brown,NE,2988
2020,buffalo,NE,49030
2020,burt,NE,6528
2020,butler,NE,8067
2020,cass,NE,25702
2020,cedar,NE,8523
2020,chase,NE,3734
2020,cherry,NE,5790
2020,cheyenne,NE,9852
2020,clay,NE,6232
2020,colfax,NE,10760
2020,cuming,NE,8991
2020,custer,NE,10830
2020,dakota,NE,20317
2020,dawes,NE,8896
2020,dawson,NE,23804
2020,deuel,NE,1894
2020,dixon,NE,5746
2020,dodge,NE,36683
2020,douglas,NE,554992
2020,dundy,NE,2023
2020,fillmore,NE,5574
2020,franklin,NE,3006
2020,frontier,NE,2609
2020,furnas,NE,4786
2020,gage,NE,21595
2020,garden,NE,1860
2020,garfield,NE,1975
2020,gosper,NE,2015
2020,grant,NE,718
2020,greeley,NE,2410
2020,hall,NE,61343
2020,hamilton,NE,9178
2020,harlan,NE,3438
2020,hayes,NE,943
2020,hitchcock,NE,2843
2020,holt,NE,10245
2020,hooker,NE,691
2020,howard,NE,6405
2020,jefferson,NE,7188
2020,johnson,NE,5197
2020,kearney,NE,6552
2020,keith,NE,8099
2020,keya paha,NE,792
2020,kimball,NE,3667
2020,knox,NE,8460
2020,lancaster,NE,310094
2020,lincoln,NE,35433
2020,logan,NE,886
2020,loup,NE,585
2020,mcpherson,NE,454
2020,madison,NE,35164
2020,merrick,NE,7803
2020,morrill,NE,4841
2020,nance,NE,3554
2020,nemaha,NE,7004
2020,nuckolls,NE,4275
2020,otoe,NE,15896
2020,pawnee,NE,2676
2020,perkins,NE,2907
2020,phelps,NE,9120
2020,pierce,NE,7157
2020,platte,NE,33063
2020,polk,NE,5255
2020,red willow,NE,10806
2020,richardson,NE,8009
2020,rock,NE,1350
2020,saline,NE,14288
2020,sarpy,NE,178351
2020,saunders,NE,21024
2020,scotts bluff,NE,36255
2020,seward,NE,17127
2020,sheridan,NE,5234
2020,sherman,NE,3042
2020,sioux,NE,1266
2020,stanton,NE,5992
2020,thayer,NE,5098
2020,thomas,NE,645
2020,thurston,NE,7140
2020,valley,NE,4224
2020,washington,NE,20219
2020,wayne,NE,9367
2020,webster,NE,3571
2020,wheeler,NE,822
2020,york,NE,13799
2020,churchill,NV,24010
2020,clark,NV,2141574
2020,douglas,NV,47828
2020,elko,NV,52252
2020,esmeralda,NV,981
2020,eureka,NV,1830
2020,humboldt,NV,16904
2020,lander,NV,5746
2020,lincoln,NV,5174
2020,lyon,NV,53155
2020,mineral,NV,4448
2020,nye,NV,43705
2020,pershing,NV,6611
2020,storey,NV,3941
2020,washoe,NV,450486
2020,white pine,NV,9737
2020,carson city (independent city),NV,54467
2020,belknap,NH,60640
2020,carroll,NH,47840
2020,cheshire,NH,76263
2020,coos,NH,32038
2020,grafton,NH,89811
2020,hillsborough,NH,411087
2020,merrimack,NH,149452
2020,rockingham,NH,305129
2020,strafford,NH,128237
2020,sullivan,NH,43125
2020,atlantic,NJ,268539
2020,bergen,NJ,929999
2020,burlington,NJ,446367
2020,camden,NJ,507367
2020,cape may,NJ,93705
2020,cumberland,NJ,153400
2020,essex,NJ,793555
2020,gloucester,NJ,290852
2020,hudson,NJ,668631
2020,hunterdon,NJ,125051
2020,mercer,NJ,368762
2020,middlesex,NJ,826698
2020,monmouth,NJ,623387
2020,morris,NJ,494383
2020,ocean,NJ,591939
2020,passaic,NJ,504041
2020,salem,NJ,63336
2020,somerset,NJ,330176
2020,sussex,NJ,142298
2020,union,NJ,553066
2020,warren,NJ,106293
2020,bernalillo,NM,677692
2020,catron,NM,3539
2020,chaves,NM,65459
2020,cibola,NM,26978
2020,colfax,NM,12353
2020,curry,NM,50199
2020,de baca,NM,2060
2020,doña ana,NM,215338
2020,eddy,NM,57437
2020,grant,NM,28061
2020,guadalupe,NM,4382
2020,harding,NM,459
2020,hidalgo,NM,4371
2020,lea,NM,70126
2020,lincoln,NM,19482
2020,los alamos,NM,18356
2020,luna,NM,24264
2020,mckinley,NM,72849
2020,mora,NM,4563
2020,otero,NM,65745
2020,quay,NM,8373
2020,rio arriba,NM,39307
2020,roosevelt,NM,19117
2020,sandoval,NM,140769
2020,san juan,NM,127455
2020,san miguel,NM,28034
2020,santa fe,NM,148917
2020,sierra,NM,11135
2020,socorro,NM,17000
2020,taos,NM,32888
2020,torrance,NM,15595
2020,union,NM,4175
2020,valencia,NM,75956
2020,albany,NY,307426
2020,allegany,NY,47025
2020,bronx,NY,1437872
2020,broome,NY,194402
2020,cattaraugus,NY,77686
2020,cayuga,NY,77868
2020,chautauqua,NY,129656
2020,chemung,NY,85740
2020,chenango,NY,48348
2020,clinton,NY,80794
2020,columbia,NY,60919
2020,cortland,NY,48123
2020,delaware,NY,45502
2020,dutchess,NY,293894
2020,erie,NY,919866
2020,essex,NY,37751
2020,franklin,NY,50692
2020,fulton,NY,53743
2020,genesee,NY,58112
2020,greene,NY,47617
2020,hamilton,NY,4575
2020,herkimer,NY,62505
2020,jefferson,NY,114448
2020,kings,NY,2600747
2020,lewis,NY,26719
2020,livingston,NY,63907
2020,madison,NY,71359
2020,monroe,NY,744248
2020,montgomery,NY,49426
2020,nassau,NY,1356564
2020,new york,NY,1632480
2020,niagara,NY,211704
2020,oneida,NY,230782
2020,onondaga,NY,464242
2020,ontario,NY,109472
2020,orange,NY,378227
2020,orleans,NY,41175
2020,oswego,NY,119104
2020,otsego,NY,60244
2020,putnam,NY,99070
2020,queens,NY,2298513
2020,rensselaer,NY,159431
2020,richmond,NY,474101
2020,rockland,NY,323686
2020,st. lawrence,NY,109558
2020,saratoga,NY,227377
2020,schenectady,NY,154883
2020,schoharie,NY,31364
2020,schuyler,NY,17992
2020,seneca,NY,34612
2020,steuben,NY,96927
2020,suffolk,NY,1487901
2020,sullivan,NY,75211
2020,tioga,NY,49045
2020,tompkins,NY,102962
2020,ulster,NY,179303
2020,warren,NY,64480
2020,washington,NY,61828
2020,wayne,NY,90856
2020,westchester,NY,968815
2020,wyoming,NY,40565
2020,yates,NY,25009
2020,alamance,NC,160576
2020,alexander,NC,37119
2020,alleghany,NC,10973
2020,anson,NC,25306
2020,ashe,NC,26786
2020,avery,NC,17501
2020,beaufort,NC,47243
2020,bertie,NC,19644
2020,bladen,NC,33778
2020,brunswick,NC,126860
2020,buncombe,NC,254474
2020,burke,NC,89712
2020,cabarrus,NC,201448
2020,caldwell,NC,81779
2020,camden,NC,10447
2020,carteret,NC,68920
2020,caswell,NC,22746
2020,catawba,NC,156729
2020,chatham,NC,69791
2020,cherokee,NC,27668
2020,chowan,NC,14205
2020,clay,NC,10813
2020,cleveland,NC,97159
2020,columbus,NC,56293
2020,craven,NC,103082
2020,cumberland,NC,332106
2020,currituck,NC,25796
2020,dare,NC,35741
2020,davidson,NC,164664
2020,davie,NC,41991
2020,duplin,NC,59062
2020,durham,NC,306457
2020,edgecombe,NC,53332
2020,forsyth,NC,371573
2020,franklin,NC,64902
2020,gaston,NC,216585
2020,gates,NC,11563
2020,graham,NC,8557
2020,granville,NC,58874
2020,greene,NC,21008
2020,guilford,NC,523582
2020,halifax,NC,51737
2020,harnett,NC,130361
2020,haywood,NC,60433
2020,henderson,NC,113625
2020,hertford,NC,24153
2020,hoke,NC,53239
2020,hyde,NC,5393
2020,iredell,NC,172525
2020,jackson,NC,42256
2020,johnston,NC,191172
2020,jones,NC,9695
2020,lee,NC,60125
2020,lenoir,NC,57227
2020,lincoln,NC,81441
2020,mcdowell,NC,45109
2020,macon,NC,34410
2020,madison,NC,21405
2020,martin,NC,23054
2020,mecklenburg,NC,1054314
2020,mitchell,NC,15040
2020,montgomery,NC,27338
2020,moore,NC,95629
2020,nash,NC,94003
2020,new hanover,NC,224231
2020,northampton,NC,20186
2020,onslow,NC,193912
2020,orange,NC,142938
2020,pamlico,NC,12742
2020,pasquotank,NC,39479
2020,pender,NC,59020
2020,perquimans,NC,13459
2020,person,NC,39305
2020,pitt,NC,177372
2020,polk,NC,20458
2020,randolph,NC,142958
2020,richmond,NC,45189
2020,robeson,NC,133442
2020,rockingham,NC,91270
2020,rowan,NC,139605
2020,rutherford,NC,66532
2020,sampson,NC,63561
2020,scotland,NC,35262
2020,stanly,NC,61114
2020,stokes,NC,45905
2020,surry,NC,72099
2020,swain,NC,14254
2020,transylvania,NC,33513
2020,tyrrell,NC,4119
2020,union,NC,226694
2020,vance,NC,44482
2020,wake,NC,1046558
2020,warren,NC,20033
2020,washington,NC,12156
2020,watauga,NC,54117
2020,wayne,NC,124002
2020,wilkes,NC,68460
2020,wilson,NC,81336
2020,yadkin,NC,37665
2020,yancey,NC,17667
2020,adams,ND,2351
2020,barnes,ND,10836
2020,benson,ND,6886
2020,billings,ND,946
2020,bottineau,ND,6589
2020,bowman,ND,3195
2020,burke,ND,2213
2020,burleigh,ND,93737
2020,cass,ND,174202
2020,cavalier,ND,3824
2020,dickey,ND,4970
2020,divide,ND,2369
2020,dunn,ND,4387
2020,eddy,ND,2313
2020,emmons,ND,3352
2020,foster,ND,3290
2020,golden valley,ND,1882
2020,grand forks,ND,70400
2020,grant,ND,2380
2020,griggs,ND,2266
2020,hettinger,ND,2576
2020,kidder,ND,2460
2020,lamoure,ND,4100
2020,logan,ND,1927
2020,mchenry,ND,5927
2020,mcintosh,ND,2654
2020,mckenzie,ND,12536
2020,mclean,ND,9608
2020,mercer,ND,8570
2020,morton,ND,30544
2020,mountrail,ND,10152
2020,nelson,ND,2920
2020,oliver,ND,1837
2020,pembina,ND,7016
2020,pierce,ND,4210
2020,ramsey,ND,11557
2020,ransom,ND,5361
2020,renville,ND,2495
2020,richland,ND,16288
2020,rolette,ND,14603
2020,sargent,ND,3883
2020,sheridan,ND,1405
2020,sioux,ND,4413
2020,slope,ND,704
2020,stark,ND,30876
2020,steele,ND,1910
2020,stutsman,ND,21064
2020,towner,ND,2246
2020,traill,ND,8019
2020,walsh,ND,10802
2020,ward,ND,69034
2020,wells,ND,4055
2020,williams,ND,34061
2020,adams,OH,27878
2020,allen,OH,103642
2020,ashland,OH,53477
2020,ashtabula,OH,98136
2020,athens,OH,65936
2020,auglaize,OH,45784
2020,belmont,OH,68472
2020,brown,OH,43679
2020,butler,OH,378294
2020,carroll,OH,27578
2020,champaign,OH,38864
2020,clark,OH,135198
2020,clermont,OH,203216
2020,clinton,OH,41896
2020,columbiana,OH,104003
2020,coshocton,OH,36574
2020,crawford,OH,42021
2020,cuyahoga,OH,1253783
2020,darke,OH,51734
2020,defiance,OH,38279
2020,delaware,OH,197008
2020,erie,OH,75136
2020,fairfield,OH,152910
2020,fayette,OH,28645
2020,franklin,OH,1275333
2020,fulton,OH,42305
2020,gallia,OH,30195
2020,geauga,OH,93961
2020,greene,OH,165811
2020,guernsey,OH,39274
2020,hamilton,OH,812037
2020,hancock,OH,75690
2020,hardin,OH,31542
2020,harrison,OH,15307
2020,henry,OH,27316
2020,highland,OH,43007
2020,hocking,OH,28495
2020,holmes,OH,43859
2020,huron,OH,58457
2020,jackson,OH,32524
2020,jefferson,OH,66886
2020,knox,OH,61215
2020,lake,OH,230052
2020,lawrence,OH,60622
2020,licking,OH,172293
2020,logan,OH,45307
2020,lorain,OH,306713
2020,lucas,OH,432379
2020,madison,OH,43988
2020,mahoning,OH,231064
2020,marion,OH,65344
2020,medina,OH,177257
2020,meigs,OH,23160
2020,mercer,OH,40806
2020,miami,OH,104800
2020,monroe,OH,14090
2020,montgomery,OH,532034
2020,morgan,OH,14702
2020,morrow,OH,34976
2020,muskingum,OH,86076
2020,noble,OH,14443
2020,ottawa,OH,40709
2020,paulding,OH,18872
2020,perry,OH,35985
2020,pickaway,OH,57420
2020,pike,OH,28214
2020,portage,OH,162644
2020,preble,OH,41207
2020,putnam,OH,33969
2020,richland,OH,121324
2020,ross,OH,77051
2020,sandusky,OH,59299
2020,scioto,OH,76377
2020,seneca,OH,55475
2020,shelby,OH,48797
2020,stark,OH,373475
2020,summit,OH,541810
2020,trumbull,OH,201794
2020,tuscarawas,OH,92526
2020,union,OH,55654
2020,van wert,OH,28281
2020,vinton,OH,13111
2020,warren,OH,226564
2020,washington,OH,60671
2020,wayne,OH,116208
2020,williams,OH,36936
2020,wood,OH,129936
2020,wyandot,OH,22107
2020,adair,OK,22113
2020,alfalfa,OK,5857
2020,atoka,OK,13874
2020,beaver,OK,5415
2020,beckham,OK,22621
2020,blaine,OK,9634
2020,bryan,OK,45759
2020,caddo,OK,29342
2020,canadian,OK,136710
2020,carter,OK,48406
2020,cherokee,OK,48599
2020,choctaw,OK,14886
2020,cimarron,OK,2189
2020,cleveland,OK,276733
2020,coal,OK,5618
2020,comanche,OK,122561
2020,cotton,OK,5929
2020,craig,OK,14493
2020,creek,OK,71160
2020,custer,OK,29209
2020,delaware,OK,42112
2020,dewey,OK,4918
2020,ellis,OK,4072
2020,garfield,OK,62190
2020,garvin,OK,27823
2020,grady,OK,54733
2020,grant,OK,4418
2020,greer,OK,5943
2020,harmon,OK,2721
2020,harper,OK,3847
2020,haskell,OK,12704
2020,hughes,OK,13460
2020,jackson,OK,25384
2020,jefferson,OK,6223
2020,johnston,OK,11041
2020,kay,OK,44880
2020,kingfisher,OK,15618
2020,kiowa,OK,9001
2020,latimer,OK,10495
2020,le flore,OK,49909
2020,lincoln,OK,34854
2020,logan,OK,46044
2020,love,OK,9933
2020,mcclain,OK,38634
2020,mccurtain,OK,32966
2020,mcintosh,OK,19819
2020,major,OK,7718
2020,marshall,OK,16376
2020,mayes,OK,40980
2020,murray,OK,13875
2020,muskogee,OK,69084
2020,noble,OK,11411
2020,nowata,OK,10383
2020,okfuskee,OK,12115
2020,oklahoma,OK,782051
2020,okmulgee,OK,38889
2020,osage,OK,47311
2020,ottawa,OK,31566
2020,pawnee,OK,16428
2020,payne,OK,81512
2020,pittsburg,OK,44382
2020,pontotoc,OK,38358
2020,pottawatomie,OK,72000
2020,pushmataha,OK,11119
2020,roger mills,OK,3708
2020,rogers,OK,90814
2020,seminole,OK,25071
2020,sequoyah,OK,41359
2020,stephens,OK,43983
2020,texas,OK,21121
2020,tillman,OK,7515
2020,tulsa,OK,642781
2020,wagoner,OK,77850
2020,washington,OK,52001
2020,washita,OK,11432
2020,woods,OK,9127
2020,woodward,OK,20967
2020,baker,OR,15984
2020,benton,OR,89780
2020,clackamas,OR,405788
2020,clatsop,OR,38562
2020,columbia,OR,50851
2020,coos,OR,63308
2020,crook,OR,22337
2020,curry,OR,22507
2020,deschutes,OR,180640
2020,douglas,OR,108323
2020,gilliam,OR,1907
2020,grant,OR,7183
2020,harney,OR,7228
2020,hood river,OR,23131
2020,jackson,OR,214267
2020,jefferson,OR,23143
2020,josephine,OR,85481
2020,klamath,OR,66310
2020,lake,OR,7843
2020,lane,OR,368882
2020,lincoln,OR,47881
2020,linn,OR,122870
2020,malheur,OR,30431
2020,marion,OR,335553
2020,morrow,OR,11215
2020,multnomah,OR,798647
2020,polk,OR,81427
2020,sherman,OR,1605
2020,tillamook,OR,26076
2020,umatilla,OR,76898
2020,union,OR,26028
2020,wallowa,OR,6924
2020,wasco,OR,25866
2020,washington,OR,581821
2020,wheeler,OR,1426
2020,yamhill,OR,103820
2020,adams,PA,102023
2020,allegheny,PA,1225561
2020,armstrong,PA,66331
2020,beaver,PA,166896
2020,bedford,PA,48611
2020,berks,PA,416642
2020,blair,PA,123842
2020,bradford,PA,61304
2020,bucks,PA,626370
2020,butler,PA,186566
2020,cambria,PA,134550
2020,cameron,PA,4686
2020,carbon,PA,63931
2020,centre,PA,161443
2020,chester,PA,517156
2020,clarion,PA,38827
2020,clearfield,PA,80216
2020,clinton,PA,39074
2020,columbia,PA,66220
2020,crawford,PA,86164
2020,cumberland,PA,247433
2020,dauphin,PA,274515
2020,delaware,PA,563527
2020,elk,PA,30608
2020,erie,PA,275972
2020,fayette,PA,132289
2020,forest,PA,7351
2020,franklin,PA,153751
2020,fulton,PA,14506
2020,greene,PA,37144
2020,huntingdon,PA,45421
2020,indiana,PA,85755
2020,jefferson,PA,44084
2020,juniata,PA,24562
2020,lackawanna,PA,211454
2020,lancaster,PA,538347
2020,lawrence,PA,87382
2020,lebanon,PA,138674
2020,lehigh,PA,362613
2020,luzerne,PA,317884
2020,lycoming,PA,114859
2020,mckean,PA,41806
2020,mercer,PA,112630
2020,mifflin,PA,46362
2020,monroe,PA,167586
2020,montgomery,PA,821301
2020,montour,PA,18294
2020,northampton,PA,301778
2020,northumberland,PA,92325
2020,perry,PA,45924
2020,philadelphia,PA,1575522
2020,pike,PA,55498
2020,potter,PA,16937
2020,schuylkill,PA,143555
2020,snyder,PA,40466
2020,somerset,PA,74949
2020,sullivan,PA,6177
2020,susquehanna,PA,41340
2020,tioga,PA,41226
2020,union,PA,45114
2020,venango,PA,52376
2020,warren,PA,40035
2020,washington,PA,207547
2020,wayne,PA,51536
2020,westmoreland,PA,354751
2020,wyoming,PA,27588
2020,york,PA,444014
2020,bristol,RI,48900
2020,kent,RI,163861
2020,newport,RI,83075
2020,providence,RI,634533
2020,washington,RI,126242
2020,abbeville,SC,24657
2020,aiken,SC,166926
2020,allendale,SC,9214
2020,anderson,SC,195995
2020,bamberg,SC,14600
2020,barnwell,SC,21577
2020,beaufort,SC,182658
2020,berkeley,SC,209065
2020,calhoun,SC,14713
2020,charleston,SC,394708
2020,cherokee,SC,56711
2020,chester,SC,32326
2020,chesterfield,SC,46024
2020,clarendon,SC,34017
2020,colleton,SC,37568
2020,darlington,SC,67253
2020,dillon,SC,30871
2020,dorchester,SC,155474
2020,edgefield,SC,26769
2020,fairfield,SC,22712
2020,florence,SC,138561
2020,georgetown,SC,61605
2020,greenville,SC,498402
2020,greenwood,SC,70264
2020,hampton,SC,19807
2020,horry,SC,320915
2020,jasper,SC,27900
2020,kershaw,SC,64361
2020,lancaster,SC,89546
2020,laurens,SC,66710
2020,lee,SC,17606
2020,lexington,SC,286316
2020,mccormick,SC,9606
2020,marion,SC,31562
2020,marlboro,SC,27131
2020,newberry,SC,38068
2020,oconee,SC,76696
2020,orangeburg,SC,88454
2020,pickens,SC,122746
2020,richland,SC,408263
2020,saluda,SC,20299
2020,spartanburg,SC,302195
2020,sumter,SC,106995
2020,union,SC,27644
2020,williamsburg,SC,31794
2020,york,SC,258641
2020,aurora,SD,2759
2020,beadle,SD,18374
2020,bennett,SD,3437
2020,bon homme,SD,6969
2020,brookings,SD,34239
2020,brown,SD,38840
2020,brule,SD,5256
2020,buffalo,SD,2053
2020,butte,SD,10177
2020,campbell,SD,1435
2020,charles mix,SD,9344
2020,clark,SD,3673
2020,clay,SD,13925
2020,codington,SD,27993
2020,corson,SD,4168
2020,custer,SD,8573
2020,davison,SD,19901
2020,day,SD,5506
2020,deuel,SD,4306
2020,dewey,SD,5779
2020,douglas,SD,2930
2020,edmunds,SD,3940
2020,fall river,SD,6774
2020,faulk,SD,2322
2020,grant,SD,7217
2020,gregory,SD,4201
2020,haakon,SD,2082
2020,hamlin,SD,6000
2020,hand,SD,3301
2020,hanson,SD,3397
2020,harding,SD,1311
2020,hughes,SD,17617
2020,hutchinson,SD,7315
2020,hyde,SD,1331
2020,jackson,SD,3287
2020,jerauld,SD,2029
2020,jones,SD,735
2020,kingsbury,SD,4967
2020,lake,SD,12574
2020,lawrence,SD,25234
2020,lincoln,SD,54914
2020,lyman,SD,3869
2020,mccook,SD,5511
2020,mcpherson,SD,2364
2020,marshall,SD,4895
2020,meade,SD,27424
2020,mellette,SD,2055
2020,miner,SD,2229
2020,minnehaha,SD,186749
2020,moody,SD,6506
2020,oglala lakota,SD,14335
2020,pennington,SD,109294
2020,perkins,SD,2907
2020,potter,SD,2326
2020,roberts,SD,10285
2020,sanborn,SD,2388
2020,spink,SD,6543
2020,stanley,SD,2997
2020,sully,SD,1331
2020,todd,SD,10146
2020,tripp,SD,5468
2020,turner,SD,8264
2020,union,SD,15177
2020,walworth,SD,5510
2020,yankton,SD,22717
2020,ziebach,SD,2814
2020,anderson,TN,75775
2020,bedford,TN,47558
2020,benton,TN,16112
2020,bledsoe,TN,14602
2020,blount,TN,128443
2020,bradley,TN,104557
2020,campbell,TN,39687
2020,cannon,TN,13976
2020,carroll,TN,28018
2020,carter,TN,56391
2020,cheatham,TN,39929
2020,chester,TN,17150
2020,claiborne,TN,31613
2020,clay,TN,7686
2020,cocke,TN,35336
2020,coffee,TN,54531
2020,crockett,TN,14499
2020,cumberland,TN,58634
2020,davidson,TN,684017
2020,decatur,TN,11683
2020,dekalb,TN,19601
2020,dickson,TN,51988
2020,dyer,TN,37576
2020,fayette,TN,39692
2020,fentress,TN,17994
2020,franklin,TN,41512
2020,gibson,TN,49175
2020,giles,TN,29167
2020,grainger,TN,23013
2020,greene,TN,68669
2020,grundy,TN,13331
2020,hamblen,TN,63740
2020,hamilton,TN,357546
2020,hancock,TN,6585
2020,hardeman,TN,25562
2020,hardin,TN,25771
2020,hawkins,TN,56402
2020,haywood,TN,17779
2020,henderson,TN,27859
2020,henry,TN,32279
2020,hickman,TN,24678
2020,houston,TN,8176
2020,humphreys,TN,18318
2020,jackson,TN,11615
2020,jefferson,TN,53247
2020,johnson,TN,17789
2020,knox,TN,456185
2020,lake,TN,7526
2020,lauderdale,TN,26297
2020,lawrence,TN,42937
2020,lewis,TN,11956
2020,lincoln,TN,33711
2020,loudon,TN,51610
2020,mcminn,TN,52773
2020,mcnairy,TN,25903
2020,macon,TN,23487
2020,madison,TN,97682
2020,marion,TN,28417
2020,marshall,TN,32269
2020,maury,TN,89776
2020,meigs,TN,11962
2020,monroe,TN,45876
2020,montgomery,TN,196387
2020,moore,TN,6322
2020,morgan,TN,21596
2020,obion,TN,30520
2020,overton,TN,22004
2020,perry,TN,7912
2020,pickett,TN,5088
2020,polk,TN,16782
2020,putnam,TN,76440
2020,rhea,TN,32628
2020,roane,TN,52897
2020,robertson,TN,69344
2020,rutherford,TN,307128
2020,scott,TN,21954
2020,sequatchie,TN,14730
2020,sevier,TN,96287
2020,shelby,TN,937005
2020,smith,TN,19458
2020,stewart,TN,13301
2020,sullivan,TN,156734
2020,sumner,TN,179473
2020,tipton,TN,61446
2020,trousdale,TN,9573
2020,unicoi,TN,17780
2020,union,TN,19293
2020,van buren,TN,5704
2020,warren,TN,40454
2020,washington,TN,127055
2020,wayne,TN,16649
2020,weakley,TN,33626
2020,white,TN,26580
2020,williamson,TN,218648
2020,wilson,TN,132663
2020,anderson,TX,57863
2020,andrews,TX,17818
2020,angelina,TX,87607
2020,aransas,TX,24763
2020,archer,TX,8789
2020,armstrong,TX,1916
2020,atascosa,TX,48828
2020,austin,TX,29565
2020,bailey,TX,7092
2020,bandera,TX,21763
2020,bastrop,TX,82577
2020,baylor,TX,3591
2020,bee,TX,32691
2020,bell,TX,342236
2020,bexar,TX,1925865
2020,blanco,TX,11279
2020,borden,TX,665
2020,bosque,TX,18122
2020,bowie,TX,93858
2020,brazoria,TX,353999
2020,brazos,TX,219193
2020,brewster,TX,9216
2020,briscoe,TX,1546
2020,brooks,TX,7180
2020,brown,TX,37834
2020,burleson,TX,17863
2020,burnet,TX,45750
2020,caldwell,TX,41401
2020,calhoun,TX,21807
2020,callahan,TX,13770
2020,cameron,TX,421750
2020,camp,TX,12813
2020,carson,TX,6032
2020,cass,TX,30087
2020,castro,TX,7787
2020,chambers,TX,40292
2020,cherokee,TX,51903
2020,childress,TX,7226
2020,clay,TX,10387
2020,cochran,TX,2904
2020,coke,TX,3275
2020,coleman,TX,8391
2020,collin,TX,944350
2020,collingsworth,TX,2996
2020,colorado,TX,21022
2020,comal,TX,135097
2020,comanche,TX,13495
2020,concho,TX,4233
2020,cooke,TX,39571
2020,coryell,TX,75389
2020,cottle,TX,1623
2020,crane,TX,4839
2020,crockett,TX,3633
2020,crosby,TX,5861
2020,culberson,TX,2241
2020,dallam,TX,7243
2020,dallas,TX,2586552
2020,dawson,TX,12964
2020,deaf smith,TX,18899
2020,delta,TX,5215
2020,denton,TX,807047
2020,dewitt,TX,20435
2020,dickens,TX,2216
2020,dimmit,TX,10663
2020,donley,TX,3387
2020,duval,TX,11355
2020,eastland,TX,18270
2020,ector,TX,158342
2020,edwards,TX,2055
2020,ellis,TX,168838
2020,el paso,TX,837654
2020,erath,TX,41482
2020,falls,TX,17299
2020,fannin,TX,34175
2020,fayette,TX,25066
2020,fisher,TX,3883
2020,floyd,TX,5872
2020,foard,TX,1408
2020,fort bend,TX,739342
2020,franklin,TX,10679
2020,freestone,TX,19709
2020,frio,TX,19394
2020,gaines,TX,20321
2020,galveston,TX,327089
2020,garza,TX,6288
2020,gillespie,TX,26208
2020,glasscock,TX,1430
2020,goliad,TX,7531
2020,gonzales,TX,20667
2020,gray,TX,22685
2020,grayson,TX,128560
2020,gregg,TX,123494
2020,grimes,TX,27630
2020,guadalupe,TX,155137
2020,hale,TX,34113
2020,hall,TX,3074
2020,hamilton,TX,8269
2020,hansford,TX,5547
2020,hardeman,TX,3952
2020,hardin,TX,56379
2020,harris,TX,4602523
2020,harrison,TX,66645
2020,hartley,TX,5767
2020,haskell,TX,5809
2020,hays,TX,204150
2020,hemphill,TX,4061
2020,henderson,TX,80460
2020,hidalgo,TX,849389
2020,hill,TX,35399
2020,hockley,TX,23162
2020,hood,TX,56901
2020,hopkins,TX,36240
2020,houston,TX,22955
2020,howard,TX,36667
2020,hudspeth,TX,4098
2020,hunt,TX,92152
2020,hutchinson,TX,21571
2020,irion,TX,1524
2020,jack,TX,8842
2020,jackson,TX,14820
2020,jasper,TX,35504
2020,jeff davis,TX,2234
2020,jefferson,TX,255210
2020,jim hogg,TX,5282
2020,jim wells,TX,41192
2020,johnson,TX,163475
2020,jones,TX,19891
2020,karnes,TX,15387
2020,kaufman,TX,118910
2020,kendall,TX,41982
2020,kenedy,TX,595
2020,kent,TX,749
2020,kerr,TX,51365
2020,kimble,TX,4408
2020,king,TX,228
2020,kinney,TX,3675
2020,kleberg,TX,31425
2020,knox,TX,3733
2020,lamar,TX,49532
2020,lamb,TX,13262
2020,lampasas,TX,20640
2020,la salle,TX,7409
2020,lavaca,TX,19941
2020,lee,TX,16952
2020,leon,TX,17098
2020,liberty,TX,81862
2020,limestone,TX,23515
2020,lipscomb,TX,3469
2020,live oak,TX,12123
2020,llano,TX,20640
2020,loving,TX,102
2020,lubbock,TX,301454
2020,lynn,TX,5808
2020,mcculloch,TX,8098
2020,mclennan,TX,248429
2020,mcmullen,TX,662
2020,madison,TX,14128
2020,marion,TX,10083
2020,martin,TX,5614
2020,mason,TX,4161
2020,matagorda,TX,36743
2020,maverick,TX,57970
2020,medina,TX,49334
2020,menard,TX,2123
2020,midland,TX,164194
2020,milam,TX,24664
2020,mills,TX,4902
2020,mitchell,TX,8558
2020,montague,TX,19409
2020,montgomery,TX,554445
2020,moore,TX,21801
2020,morris,TX,12424
2020,motley,TX,1156
2020,nacogdoches,TX,65558
2020,navarro,TX,48583
2020,newton,TX,14057
2020,nolan,TX,14966
2020,nueces,TX,360486
2020,ochiltree,TX,10348
2020,oldham,TX,2090
2020,orange,TX,84047
2020,palo pinto,TX,28317
2020,panola,TX,23440
2020,parker,TX,129802
2020,parmer,TX,9852
2020,pecos,TX,15797
2020,polk,TX,47837
2020,potter,TX,120899
2020,presidio,TX,7123
2020,rains,TX,11473
2020,randall,TX,132475
2020,reagan,TX,3752
2020,real,TX,3389
2020,red river,TX,12275
2020,reeves,TX,15125
2020,refugio,TX,7236
2020,roberts,TX,885
2020,robertson,TX,16890
2020,rockwall,TX,93642
2020,runnels,TX,10310
2020,rusk,TX,53595
2020,sabine,TX,10458
2020,san augustine,TX,8327
2020,san jacinto,TX,27819
2020,san patricio,TX,67046
2020,san saba,TX,5962
2020,schleicher,TX,3061
2020,scurry,TX,17239
2020,shackelford,TX,3311
2020,shelby,TX,25478
2020,sherman,TX,3058
2020,smith,TX,225015
2020,somervell,TX,8743
2020,starr,TX,63894
2020,stephens,TX,9372
2020,sterling,TX,1141
2020,stonewall,TX,1385
2020,sutton,TX,3865
2020,swisher,TX,7484
2020,tarrant,TX,2019977
2020,taylor,TX,136348
2020,terrell,TX,862
2020,terry,TX,12615
2020,throckmorton,TX,1567
2020,titus,TX,32730
2020,tom green,TX,117466
2020,travis,TX,1203166
2020,trinity,TX,14569
2020,tyler,TX,21496
2020,upshur,TX,40769
2020,upton,TX,3634
2020,uvalde,TX,27009
2020,val verde,TX,49027
2020,van zandt,TX,54368
2020,victoria,TX,91970
2020,walker,TX,71539
2020,waller,TX,49987
2020,ward,TX,11586
2020,washington,TX,34796
2020,webb,TX,272053
2020,wharton,TX,41551
2020,wheeler,TX,5482
2020,wichita,TX,131818
2020,wilbarger,TX,12906
2020,willacy,TX,21754
2020,williamson,TX,527057
2020,wilson,TX,48198
2020,winkler,TX,7802
2020,wise,TX,64639
2020,wood,TX,43815
2020,yoakum,TX,8571
2020,young,TX,18114
2020,zapata,TX,14369
2020,zavala,TX,12131
2020,beaver,UT,6443
2020,box elder,UT,53001
2020,cache,UT,122336
2020,carbon,UT,20356
2020,daggett,UT,612
2020,davis,UT,340621
2020,duchesne,UT,20219
2020,emery,UT,10248
2020,garfield,UT,5017
2020,grand,UT,9616
2020,iron,UT,49691
2020,juab,UT,10948
2020,kane,UT,7350
2020,millard,UT,12733
2020,morgan,UT,11391
2020,piute,UT,1904
2020,rich,UT,2350
2020,salt lake,UT,1120805
2020,san juan,UT,15281
2020,sanpete,UT,29366
2020,sevier,UT,21118
2020,summit,UT,40511
2020,tooele,UT,65185
2020,uintah,UT,36323
2020,utah,UT,590440
2020,wasatch,UT,30523
2020,washington,UT,160537
2020,wayne,UT,2694
2020,weber,UT,247731
2020,addison,VT,36939
2020,bennington,VT,35920
2020,caledonia,VT,30425
2020,chittenden,VT,162052
2020,essex,VT,6208
2020,franklin,VT,49025
2020,grand isle,VT,6965
2020,lamoille,VT,25268
2020,orange,VT,28937
2020,orleans,VT,26911
2020,rutland,VT,59273
2020,washington,VT,58477
2020,windham,VT,43150
2020,windsor,VT,55427
2020,accomack,VA,32742
2020,albemarle,VA,106355
2020,alleghany,VA,15286
2020,amelia,VA,12854
2020,amherst,VA,31882
2020,appomattox,VA,15577
2020,arlington,VA,231803
2020,augusta,VA,74701
2020,bath,VA,4393
2020,bedford,VA,77908
2020,bland,VA,6447
2020,botetourt,VA,33222
2020,brunswick,VA,16665
2020,buchanan,VA,22138
2020,buckingham,VA,17004
2020,campbell,VA,55170
2020,caroline,VA,30184
2020,carroll,VA,29738
2020,charles city,VA,6995
2020,charlotte,VA,12095
2020,chesterfield,VA,339447
2020,clarke,VA,14365
2020,craig,VA,5113
2020,culpeper,VA,50450
2020,cumberland,VA,9786
2020,dickenson,VA,14960
2020,dinwiddie,VA,28308
2020,essex,VA,11036
2020,fairfax,VA,1143529
2020,fauquier,VA,69115
2020,floyd,VA,15666
2020,fluvanna,VA,26282
2020,franklin,VA,56233
2020,frederick,VA,85153
2020,giles,VA,16814
2020,gloucester,VA,37161
2020,goochland,VA,22482
2020,grayson,VA,15811
2020,greene,VA,19410
2020,greensville,VA,11659
2020,halifax,VA,34779
2020,hanover,VA,104449
2020,henrico,VA,325642
2020,henry,VA,51588
2020,highland,VA,2214
2020,isle of wight,VA,36372
2020,james city,VA,74153
2020,king and queen,VA,7052
2020,king george,VA,25890
2020,king william,VA,16497
2020,lancaster,VA,10804
2020,lee,VA,24134
2020,loudoun,VA,385143
2020,louisa,VA,35380
2020,lunenburg,VA,12278
2020,madison,VA,13139
2020,mathews,VA,8796
2020,mecklenburg,VA,30847
2020,middlesex,VA,10700
2020,montgomery,VA,97997
2020,nelson,VA,14812
2020,new kent,VA,21103
2020,northampton,VA,11957
2020,northumberland,VA,12223
2020,nottoway,VA,15500
2020,orange,VA,35612
2020,page,VA,23749
2020,patrick,VA,17859
2020,pittsylvania,VA,61676
2020,powhatan,VA,28574
2020,prince edward,VA,22956
2020,prince george,VA,37894
2020,prince william,VA,456749
2020,pulaski,VA,34234
2020,rappahannock,VA,7332
2020,richmond,VA,8878
2020,roanoke,VA,93583
2020,rockbridge,VA,22509
2020,rockingham,VA,79444
2020,russell,VA,27408
2020,scott,VA,22009
2020,shenandoah,VA,43045
2020,smyth,VA,31059
2020,southampton,VA,17939
2020,spotsylvania,VA,131412
2020,stafford,VA,144012
2020,surry,VA,6600
2020,sussex,VA,11486
2020,tazewell,VA,42080
2020,warren,VA,39449
2020,washington,VA,54406
2020,westmoreland,VA,17638
2020,wise,VA,39025
2020,wythe,VA,28940
2020,york,VA,67587
2020,alexandria (independent city),VA,156505
2020,bristol city,VA,16843
2020,buena vista city,VA,6399
2020,charlottesville city,VA,47042
2020,chesapeake (independent city),VA,237820
2020,colonial heights city,VA,17593
2020,covington city,VA,5582
2020,danville city,VA,41512
2020,emporia city,VA,5381
2020,fairfax city,VA,23865
2020,falls church city,VA,14067
2020,franklin city,VA,8211
2020,fredericksburg city,VA,28469
2020,galax city,VA,6638
2020,hampton (independent city),VA,135583
2020,harrisonburg city,VA,53391
2020,hopewell city,VA,22408
2020,lexington city,VA,7110
2020,lynchburg city,VA,80131
2020,manassas city,VA,41457
2020,manassas park city,VA,16423
2020,martinsville city,VA,13101
2020,newport news (independent city),VA,180145
2020,norfolk (independent city),VA,245592
2020,norton city,VA,3990
2020,petersburg city,VA,31827
2020,poquoson city,VA,12039
2020,portsmouth (independent city),VA,95311
2020,radford city,VA,17630
2020,richmond (independent city),VA,223787
2020,roanoke (independent city),VA,99621
2020,salem city,VA,25519
2020,staunton city,VA,24452
2020,suffolk (independent city),VA,89160
2020,virginia beach (independent city),VA,450135
2020,waynesboro city,VA,21926
2020,williamsburg city,VA,14788
2020,winchester city,VA,27789
2020,adams,WA,19452
2020,asotin,WA,22337
2020,benton,WA,194168
2020,chelan,WA,75757
2020,clallam,WA,74487
2020,clark,WA,465384
2020,columbia,WA,4001
2020,cowlitz,WA,105112
2020,douglas,WA,41371
2020,ferry,WA,7576
2020,franklin,WA,90660
2020,garfield,WA,2224
2020,grant,WA,94860
2020,grays harbor,WA,71967
2020,island,WA,81636
2020,jefferson,WA,30856
2020,king,WA,2163257
2020,kitsap,WA,262475
2020,kittitas,WA,44825
2020,klickitat,WA,21396
2020,lewis,WA,76947
2020,lincoln,WA,10435
2020,mason,WA,62627
2020,okanogan,WA,41638
2020,pacific,WA,21281
2020,pend oreille,WA,13219
2020,pierce,WA,859840
2020,san juan,WA,16473
2020,skagit,WA,123907
2020,skamania,WA,11620
2020,snohomish,WA,786620
2020,spokane,WA,497875
2020,stevens,WA,44214
2020,thurston,WA,274684
2020,wahkiakum,WA,4189
2020,walla walla,WA,60236
2020,whatcom,WA,216812
2020,whitman,WA,48593
2020,yakima,WA,249325
2020,barbour,WV,16730
2020,berkeley,WV,113495
2020,boone,WV,22817
2020,braxton,WV,14282
2020,brooke,WV,22772
2020,cabell,WV,95318
2020,calhoun,WV,7396
2020,clay,WV,8785
2020,doddridge,WV,8536
2020,fayette,WV,44126
2020,gilmer,WV,8205
2020,grant,WV,11641
2020,greenbrier,WV,35347
2020,hampshire,WV,23363
2020,hancock,WV,29680
2020,hardy,WV,13842
2020,harrison,WV,68209
2020,jackson,WV,29018
2020,jefferson,WV,56179
2020,kanawha,WV,185710
2020,lewis,WV,16276
2020,lincoln,WV,21078
2020,logan,WV,33801
2020,mcdowell,WV,19217
2020,marion,WV,56497
2020,marshall,WV,31645
2020,mason,WV,26939
2020,mercer,WV,60486
2020,mineral,WV,27278
2020,mingo,WV,24741
2020,monongalia,WV,105252
2020,monroe,WV,13467
2020,morgan,WV,17624
2020,nicholas,WV,25324
2020,ohio,WV,42547
2020,pendleton,WV,7056
2020,pleasants,WV,7507
2020,pocahontas,WV,8531
2020,preston,WV,33837
2020,putnam,WV,56652
2020,raleigh,WV,76232
2020,randolph,WV,29065
2020,ritchie,WV,9932
2020,roane,WV,14205
2020,summers,WV,13018
2020,taylor,WV,16951
2020,tucker,WV,7027
2020,tyler,WV,8909
2020,upshur,WV,24605
2020,wayne,WV,40708
2020,webster,WV,8518
2020,wetzel,WV,15614
2020,wirt,WV,5797
2020,wood,WV,85556
2020,wyoming,WV,21711
2020,adams,WI,20073
2020,ashland,WI,15712
2020,barron,WI,45252
2020,bayfield,WI,14992
2020,brown,WI,259786
2020,buffalo,WI,13167
2020,burnett,WI,15258
2020,calumet,WI,49807
2020,chippewa,WI,63635
2020,clark,WI,34491
2020,columbia,WI,56954
2020,crawford,WI,16288
2020,dane,WI,529843
2020,dodge,WI,87776
2020,door,WI,27439
2020,douglas,WI,43402
2020,dunn,WI,44498
2020,eau claire,WI,102991
2020,florence,WI,4337
2020,fond du lac,WI,102315
2020,forest,WI,9018
2020,grant,WI,51828
2020,green,WI,36864
2020,green lake,WI,18757
2020,iowa,WI,23620
2020,iron,WI,5715
2020,jackson,WI,20506
2020,jefferson,WI,84652
2020,juneau,WI,26419
2020,kenosha,WI,168330
2020,kewaunee,WI,20360
2020,la crosse,WI,117850
2020,lafayette,WI,16735
2020,langlade,WI,19164
2020,lincoln,WI,27848
2020,manitowoc,WI,79407
2020,marathon,WI,135264
2020,marinette,WI,40537
2020,marquette,WI,15207
2020,menominee,WI,4579
2020,milwaukee,WI,954209
2020,monroe,WI,45502
2020,oconto,WI,37556
2020,oneida,WI,35345
2020,outagamie,WI,184754
2020,ozaukee,WI,88284
2020,pepin,WI,7262
2020,pierce,WI,41603
2020,polk,WI,43349
2020,portage,WI,70599
2020,price,WI,13490
2020,racine,WI,195398
2020,richland,WI,17539
2020,rock,WI,161769
2020,rusk,WI,14183
2020,st. croix,WI,87917
2020,sauk,WI,63596
2020,sawyer,WI,16370
2020,shawano,WI,41009
2020,sheboygan,WI,115205
2020,taylor,WI,20356
2020,trempealeau,WI,29438
2020,vernon,WI,30516
2020,vilas,WI,21593
2020,walworth,WI,103013
2020,washburn,WI,15689
2020,washington,WI,134535
2020,waukesha,WI,398879
2020,waupaca,WI,51444
2020,waushara,WI,24116
2020,winnebago,WI,169926
2020,wood,WI,73274
2020,albany,WY,38102
2020,big horn,WY,11901
2020,campbell,WY,47708
2020,carbon,WY,15477
2020,converse,WY,13997
2020,crook,WY,7410
2020,fremont,WY,40076
2020,goshen,WY,13438
2020,hot springs,WY,4680
2020,johnson,WY,8515
2020,laramie,WY,97692
2020,lincoln,WY,19011
2020,natrona,WY,80610
2020,niobrara,WY,2448
2020,park,WY,29121
2020,platte,WY,8673
2020,sheridan,WY,30012
2020,sublette,WY,9951
2020,sweetwater,WY,44117
2020,teton,WY,23059
2020,uinta,WY,20609
2020,washakie,WY,8129
2020,weston,WY,7100
